Dataset,Function,Num Graphs,Min Time (s),Max Time (s),Avg Time (s),Min Memory (MB),Max Memory (MB),Avg Time/Graph (ms)
ENZYMES,harmonic,600,2.731507539749145,3.768882989883423,3.0960915088653564,1.5912628173828125,2.0694456100463867,5.160152514775594
ENZYMES,polynomial,600,2.8336098194122314,3.383998155593872,3.064685901006063,1.6008939743041992,2.094767570495605,5.107809835010105
IMDB-MULTI,harmonic,1500,5.540280818939209,6.67997407913208,6.039094607035319,1.8805160522460935,5.041085243225098,4.026063071356879
IMDB-MULTI,polynomial,1500,6.410208225250244,6.648465633392334,6.512954632441203,1.8802270889282229,5.041085243225098,4.341969754960802
REDDIT-MULTI-12K,harmonic,12000,4670.655557870865,4872.001818418503,4771.328688144684,,,397.610724012057
REDDIT-MULTI-12K,polynomial,12000,4010.395414352417,4394.650748729706,4202.523081541061,,,350.2102567950884
REDDIT-MULTI-12K,biharmonic,12000,3911.645054578781,3916.364768266678,3914.0049114227295,,,326.16707595189416
