dataset,classifier,embedding,embedding_dim,preprocessing,n_samples,n_classes,n_splits,n_repetitions,total_iterations,test_accuracy_mean,test_accuracy_std,test_accuracy_min,test_accuracy_max,test_accuracy_median,test_accuracy_ci95_low,test_accuracy_ci95_high,test_accuracy_iqr,test_accuracy_cv,f1_score_mean,f1_score_std,f1_score_min,f1_score_max,train_accuracy_mean,train_accuracy_std,overall_accuracy,overall_f1,rep_accuracy_mean,rep_accuracy_std,train_time_mean,train_time_std,total_train_time,generation_time,generation_memory_mb
ENZYMES,"Random Forest (n=500, max_depth=20)","polynomial (bins=150, range=4.0)",150,None (raw embeddings),600,6,10,30,300,0.4631666666666666,0.05799007142175769,0.3,0.6833333333333333,0.4666666666666667,0.4565779233363092,0.46975540999702403,0.06666666666666665,0.12520346474650815,0.45662098328605194,0.05919407781318942,0.2899484287642183,0.6805903648008911,1.0,0.0,0.46316666666666667,0.4604432694143658,0.46316666666666667,0.012351415759513868,0.5541625579198202,0.074043078883623,166.24876737594604,2.7472665309906006,1.822300910949707
IMDB-MULTI,"MLP (256,128,64, max_iter=1000, early_stopping)","polynomial (bins=150, range=3.1)",150,None (raw embeddings),1500,3,10,30,300,0.4699333333333333,0.03948943948128746,0.30666666666666664,0.6266666666666667,0.47333333333333333,0.46544660354282186,0.47442006312384477,0.06,0.08403200343585075,0.4566453726259401,0.04165651499759796,0.295848708939169,0.6103026103026102,0.5629827160493827,0.04199260816679774,0.4699333333333333,0.4638102970574816,0.4699333333333333,0.008798031824486333,0.7953108445803324,0.37518186802452114,238.59325337409973,6.193087100982666,3.87392520904541
REDDIT-MULTI-12K,"Random Forest (n=500, max_depth=20)","harmonic (bins=500, range=14.61) [cached]",500,None (raw embeddings),11929,11,10,30,300,0.45125007266474265,0.013737798312962889,0.4157585917854149,0.4928751047778709,0.45138306789606036,0.44968920500603565,0.45281094032344965,0.0188269660266544,0.030443869475383818,0.43048440786064723,0.013437219072651519,0.3954283016198751,0.46849934684701733,0.9966750809074629,0.00028141460734030816,0.4512504540755023,0.43080812292467185,0.4512500726647426,0.0016862056772846785,11.828412903149923,1.0946116378285564,3548.523870944977,0.0,0.0
