classifier,accuracy,f1_score,auc,train_time,inference_time,func,bins,range,generation_time
SVM (RBF) + Scaler,0.3611111111111111,0.3613105081693304,0.6704444444444445,0.1576061248779297,0.009870529174804688,harmonic,100,33,1.265265703201294
Random Forest,0.37777777777777777,0.36488616892843784,0.7143333333333334,1.5442633628845215,0.060550689697265625,harmonic,100,33,1.265265703201294
SVM (RBF) + Scaler,0.3333333333333333,0.33053243053243053,0.6628148148148149,0.2991304397583008,0.01974010467529297,harmonic,200,33,1.161003589630127
Random Forest,0.37222222222222223,0.36477279224019726,0.700388888888889,1.664503574371338,0.0593569278717041,harmonic,200,33,1.161003589630127
SVM (RBF) + Scaler,0.3055555555555556,0.30797792436269555,0.6577407407407407,0.4397740364074707,0.029613494873046875,harmonic,300,33,1.1523475646972656
Random Forest,0.4111111111111111,0.39968964466715595,0.7080555555555554,1.7346727848052979,0.059868812561035156,harmonic,300,33,1.1523475646972656
