classifier,train_accuracy,accuracy,f1_score,auc,train_time,cv_score,best_params
Random Forest (Tuned),0.9999013709438801,0.4329608938547486,0.403330280124469,0.8429132456542959,6.240703344345093,0.4344615162802155,"{'max_depth': None, 'max_features': 'sqrt', 'min_samples_split': 2, 'n_estimators': 500}"
SVM (RBF) (Tuned),0.5270736759049216,0.37206703910614525,0.344763907440935,0.8197045206731796,377.51288199424744,0.3914601906543081,"{'svc__C': 10, 'svc__gamma': 0.01, 'svc__kernel': 'rbf'}"
