classifier,train_accuracy,accuracy,f1_score,auc,train_time,cv_score,best_params
Random Forest (Tuned),0.6337254901960784,0.47555555555555556,0.4596615505706415,0.6605629629629629,0.09066104888916016,0.49490196078431375,"{'max_depth': 10, 'max_features': 'log2', 'min_samples_split': 2, 'n_estimators': 100}"
SVM (RBF) (Tuned),0.596078431372549,0.4444444444444444,0.41710074899861577,0.6073185185185185,0.6205129623413086,0.491764705882353,"{'svc__C': 100, 'svc__gamma': 0.01, 'svc__kernel': 'rbf'}"
