config_name,func,bins,range,normalization,pca_variance,pca_components,spectral_n_neighbors,kmeans_ari,kmeans_silhouette,spectral_ari,spectral_silhouette,umap_kmeans_sil,umap_spectral_sil,tsne_kmeans_sil,tsne_spectral_sil,harm_bins,harm_range,pol_bins,pol_range
polynomial_100_3.48,polynomial,100.0,3.48,l2,0.99,31,20,0.08779706737888943,0.13400969205372978,0.07587907507006805,0.07412917890560959,0.20386323,0.28446534,0.25209087,0.26208365,,,,
polynomial_100_3.48,polynomial,100.0,3.48,none,0.99,3,20,-0.0014919670149726439,0.7325599753736153,0.0678645921425915,0.147281056355061,0.19283998,0.36358246,0.16751905,0.3136634,,,,
harmonic_100_14.61,harmonic,100.0,14.61,l2,0.99,41,20,0.0816615411908563,0.1417529778153996,0.06807549840717228,0.10733135650960011,0.31216902,0.27041376,0.27303642,0.23012124,,,,
harmonic_100_14.61,harmonic,100.0,14.61,none,0.99,3,20,-0.002903064548686931,0.7413670858424786,0.0765679535573201,0.12825287330339616,0.18675093,0.29307565,0.21015227,0.2884067,,,,
hybrid_harm100_pol100,hybrid,,,l2,0.99,66,20,0.09064265067391146,0.12447878270778964,0.07019013588230237,0.05210840981518656,0.23998535,0.24509414,0.25847438,0.19460185,100.0,14.61,100.0,3.48
hybrid_harm100_pol100,hybrid,,,none,0.99,3,20,-0.002185481761865363,0.735327829982649,0.07241088617970454,0.14552636604040112,0.17902604,0.32079682,0.1255385,0.36255053,100.0,14.61,100.0,3.48
