name,func_type,bins,range,shape,embedding_size_mb,generation_time_sec,peak_rss_mb,min_rss_mb,avg_rss_mb,final_rss_mb,peak_tracemalloc_mb,current_tracemalloc_mb,max_snapshot_tracemalloc_mb,total_snapshots,duration_sec
harmonic_500,harmonic,500,14.61,"(11929, 500)",45.505523681640625,7126.213307142258,1665.23828125,151.65625,1139.5886863425926,786.3359375,1459.754192352295,46.414106369018555,868.8843393325806,54,7175.048276901245
polynomial_200,polynomial,200,3.48,"(11929, 200)",18.20220947265625,5285.044390201569,1817.15234375,739.9140625,1468.1362847222222,842.9453125,1454.7688035964966,18.350111961364746,852.2672815322876,54,5326.671663761139
