classifier,train_accuracy,accuracy,f1_score,auc,train_time,inference_time,name,func,bins,range,generation_time,harm_bins,harm_range,pol_bins,pol_range
SVM (RBF),0.6962225071506065,0.3525139664804469,0.3343203978848927,0.7782071983240612,316.8806712627411,13.035758018493652,harmonic,harmonic,500.0,14.61,3328.1346266269684,,,,
Random Forest,0.9968438702041621,0.4569832402234637,0.43634959140805274,0.848730542147041,9.588019371032715,0.11596155166625977,harmonic,harmonic,500.0,14.61,3328.1346266269684,,,,
MLP,0.611796035111944,0.36983240223463687,0.34659813839554643,0.7702126820550076,19.601120710372925,0.025098562240600586,harmonic,harmonic,500.0,14.61,3328.1346266269684,,,,
SVM (RBF),0.5390077916954334,0.3776536312849162,0.35319308276490363,0.8202208317481725,294.2465605735779,12.90235686302185,polynomial,polynomial,500.0,3.48,3530.3949172496796,,,,
Random Forest,0.9971397573725219,0.4430167597765363,0.4130161337192278,0.8440830250768528,6.43311071395874,0.1158137321472168,polynomial,polynomial,500.0,3.48,3530.3949172496796,,,,
MLP,0.5064602031758556,0.40558659217877097,0.3776667990637998,0.8331224993032815,23.084232807159424,0.026760101318359375,polynomial,polynomial,500.0,3.48,3530.3949172496796,,,,
SVM (RBF),0.7018443633494428,0.3787709497206704,0.3637225803865973,0.8091855175742515,599.4514513015747,25.282474756240845,hybrid,hybrid,,,6858.529543876648,500.0,14.61,500.0,3.48
Random Forest,0.9973370154847618,0.4558659217877095,0.4365069129386684,0.8552619938955557,11.455802202224731,0.1379711627960205,hybrid,hybrid,,,6858.529543876648,500.0,14.61,500.0,3.48
MLP,0.6192918433770589,0.3871508379888268,0.35852957991375317,0.7860715489579768,35.061450719833374,0.040174245834350586,hybrid,hybrid,,,6858.529543876648,500.0,14.61,500.0,3.48
