Dataset,Best Function,Best Classifier,Best Dimension,Best Accuracy,Best F1,Generation Time (s)
ENZYMES,polynomial,Random Forest,150,0.5444444444444444,0.5395044391663729,5.833899021148682
IMDB-MULTI,polynomial,Random Forest,200,0.4977777777777777,0.4818352059925093,8.900444030761719
REDDIT-MULTI-12K,harmonic,Random Forest,500,0.4569832402234637,0.4363495914080527,4872.001818418503
